-- phpMyAdmin SQL Dump
-- version 3.2.4
-- http://www.phpmyadmin.net
--
-- Host: localhost
-- Generation Time: Jun 08, 2015 at 05:32 PM
-- Server version: 5.1.41
-- PHP Version: 5.3.1

SET SQL_MODE="NO_AUTO_VALUE_ON_ZERO";


/*!40101 SET @OLD_CHARACTER_SET_CLIENT=@@CHARACTER_SET_CLIENT */;
/*!40101 SET @OLD_CHARACTER_SET_RESULTS=@@CHARACTER_SET_RESULTS */;
/*!40101 SET @OLD_COLLATION_CONNECTION=@@COLLATION_CONNECTION */;
/*!40101 SET NAMES utf8 */;

--
-- Database: `quiz_new`
--

-- --------------------------------------------------------

--
-- Table structure for table `mst_admin`
--

CREATE TABLE IF NOT EXISTS `mst_admin` (
  `id` int(11) NOT NULL AUTO_INCREMENT,
  `loginid` varchar(50) NOT NULL,
  `pass` varchar(50) NOT NULL,
  PRIMARY KEY (`id`)
) ENGINE=MyISAM  DEFAULT CHARSET=latin1 AUTO_INCREMENT=2 ;

--
-- Dumping data for table `mst_admin`
--

INSERT INTO `mst_admin` (`id`, `loginid`, `pass`) VALUES
(1, 'sanjeev', 'sanjeev');

-- --------------------------------------------------------

--
-- Table structure for table `mst_question`
--

CREATE TABLE IF NOT EXISTS `mst_question` (
  `que_id` int(5) NOT NULL AUTO_INCREMENT,
  `test_id` int(5) DEFAULT NULL,
  `que_desc` varchar(150) DEFAULT NULL,
  `ans1` varchar(75) DEFAULT NULL,
  `ans2` varchar(75) DEFAULT NULL,
  `ans3` varchar(75) DEFAULT NULL,
  `ans4` varchar(75) DEFAULT NULL,
  `true_ans` int(1) DEFAULT NULL,
  PRIMARY KEY (`que_id`)
) ENGINE=InnoDB  DEFAULT CHARSET=latin1 AUTO_INCREMENT=41 ;

--
-- Dumping data for table `mst_question`
--

INSERT INTO `mst_question` (`que_id`, `test_id`, `que_desc`, `ans1`, `ans2`, `ans3`, `ans4`, `true_ans`) VALUES
(16, 8, 'What  Default Data Type ?', 'String', 'Variant', 'Integer', 'Boolear', 2),
(17, 8, 'What is Default Form Border Style ?', 'Fixed Single', 'None', 'Sizeable', 'Fixed Diaglog', 3),
(18, 8, 'Which is not type of Control ?', 'text', 'lable', 'checkbox', 'option button', 1),
(19, 9, 'Which of the follwing contexts are available in the add watch window?', 'Project', 'Module', 'Procedure', 'All', 4),
(20, 9, 'Which window will allow you to halt the execution of your code when a variable changes?', 'The call stack window', 'The immedite window', 'The locals window', 'The watch window', 4),
(22, 9, 'How can you print the object name associated with the last VB  error to the Immediate window?', 'Debug.Print Err.Number', 'Debug.Print Err.Source', 'Debug.Print Err.Description', 'Debug.Print Err.LastDLLError', 2),
(23, 9, 'How can you print the object name associated with the last VB  error to the Immediate window?', 'Debug.Print Err.Number', 'Debug.Print Err.Source', 'Debug.Print Err.Description', 'Debug.Print Err.LastDLLError', 2),
(24, 9, 'What function does the TabStop property on a command button perform?', 'It determines whether the button can get the focus', 'If set to False it disables the Tabindex property.', 'It determines the order in which the button will receive the focus', 'It determines if the access key swquence can be used', 1),
(25, 10, 'You application creates an instance of a form. What is the first event that will be triggered in the from?', 'Load', 'GotFocus', 'Instance', 'Initialize', 4),
(26, 10, 'Which of the following is Hungarian notation for a menu?', 'Menu', 'Men', 'mnu', 'MN', 3),
(27, 10, 'You are ready to run your program to see if it works.Which key on your keyboard will start the program?', 'F2', 'F3', 'F4', 'F5', 4),
(28, 10, 'Which of the following snippets of code will unload a form named frmFo0rm from memory?', 'Unload Form', 'Unload This', 'Unload Me', 'Unload', 3),
(29, 10, 'You want the text in text box named txtMyText to read My Text.In which property will you place this string?', 'Caption', 'Text', 'String', 'None of the above', 2),
(30, 11, 'how to use date( ) in mysql ?', 'now( )', 'today( )', 'date( )', 'time( )', 0),
(31, 11, 'how to use date( ) in mysql ?', 'now( )', 'today( )', 'date( )', 'time( )', 0);

-- --------------------------------------------------------

--
-- Table structure for table `mst_result`
--

CREATE TABLE IF NOT EXISTS `mst_result` (
  `login` varchar(20) DEFAULT NULL,
  `test_id` int(5) DEFAULT NULL,
  `test_date` date DEFAULT NULL,
  `score` int(3) DEFAULT NULL
) ENGINE=InnoDB DEFAULT CHARSET=latin1;

--
-- Dumping data for table `mst_result`
--

INSERT INTO `mst_result` (`login`, `test_id`, `test_date`, `score`) VALUES
('raj', 8, '0000-00-00', 3),
('raj', 9, '0000-00-00', 3),
('raj', 8, '0000-00-00', 1),
('ashish', 10, '0000-00-00', 3),
('ashish', 9, '0000-00-00', 2),
('ashish', 10, '0000-00-00', 0),
('raj', 8, '0000-00-00', 0),
('ankur', 11, '0000-00-00', 0);

-- --------------------------------------------------------

--
-- Table structure for table `mst_subject`
--

CREATE TABLE IF NOT EXISTS `mst_subject` (
  `sub_id` int(5) NOT NULL AUTO_INCREMENT,
  `sub_name` varchar(25) DEFAULT NULL,
  PRIMARY KEY (`sub_id`)
) ENGINE=InnoDB  DEFAULT CHARSET=latin1 AUTO_INCREMENT=8 ;

--
-- Dumping data for table `mst_subject`
--

INSERT INTO `mst_subject` (`sub_id`, `sub_name`) VALUES
(1, 'VB'),
(2, 'Oracle'),
(3, 'Java'),
(4, 'PHP'),
(5, 'Computer Fundamental'),
(6, 'Networking'),
(7, 'mysql');

-- --------------------------------------------------------

--
-- Table structure for table `mst_test`
--

CREATE TABLE IF NOT EXISTS `mst_test` (
  `test_id` int(5) NOT NULL AUTO_INCREMENT,
  `sub_id` int(5) DEFAULT NULL,
  `test_name` varchar(30) DEFAULT NULL,
  `total_que` varchar(15) DEFAULT NULL,
  PRIMARY KEY (`test_id`)
) ENGINE=InnoDB  DEFAULT CHARSET=latin1 AUTO_INCREMENT=12 ;

--
-- Dumping data for table `mst_test`
--

INSERT INTO `mst_test` (`test_id`, `sub_id`, `test_name`, `total_que`) VALUES
(8, 1, 'VB Basic Test', '3'),
(9, 1, 'Essentials of VB', '5'),
(10, 1, 'Creating User Services', '5'),
(11, 7, 'function', '5');

-- --------------------------------------------------------

--
-- Table structure for table `mst_user`
--

CREATE TABLE IF NOT EXISTS `mst_user` (
  `user_id` int(5) NOT NULL AUTO_INCREMENT,
  `login` varchar(20) DEFAULT NULL,
  `pass` varchar(20) DEFAULT NULL,
  `username` varchar(30) DEFAULT NULL,
  `address` varchar(50) DEFAULT NULL,
  `city` varchar(15) DEFAULT NULL,
  `phone` int(10) DEFAULT NULL,
  `email` varchar(30) DEFAULT NULL,
  PRIMARY KEY (`user_id`)
) ENGINE=InnoDB  DEFAULT CHARSET=latin1 AUTO_INCREMENT=15 ;

--
-- Dumping data for table `mst_user`
--

INSERT INTO `mst_user` (`user_id`, `login`, `pass`, `username`, `address`, `city`, `phone`, `email`) VALUES
(1, 'raj', 'raj', 'Rajen', 'limbdi', 'limbdi', 9999, 'raj@yahoo.com'),
(12, 'ashish', 'shah', 'ashish', 'laskdjf', 'S''nagar', 228585, 'ashish@yahoo.com'),
(14, 'Dhaval123', 'a', 'a', 'a', 'a', 0, 'dhaval@yahoo.com');

-- --------------------------------------------------------

--
-- Table structure for table `mst_useranswer`
--

CREATE TABLE IF NOT EXISTS `mst_useranswer` (
  `sess_id` varchar(80) DEFAULT NULL,
  `test_id` int(11) DEFAULT NULL,
  `que_des` varchar(200) DEFAULT NULL,
  `ans1` varchar(50) DEFAULT NULL,
  `ans2` varchar(50) DEFAULT NULL,
  `ans3` varchar(50) DEFAULT NULL,
  `ans4` varchar(50) DEFAULT NULL,
  `true_ans` int(11) DEFAULT NULL,
  `your_ans` int(11) DEFAULT NULL
) ENGINE=InnoDB DEFAULT CHARSET=latin1;

--
-- Dumping data for table `mst_useranswer`
--

INSERT INTO `mst_useranswer` (`sess_id`, `test_id`, `que_des`, `ans1`, `ans2`, `ans3`, `ans4`, `true_ans`, `your_ans`) VALUES
('2b8e3337837b82112def8d3e2f42f26e', 8, 'What  Default Data Type ?', 'String', 'Variant', 'Integer', 'Boolear', 2, 1),
('2b8e3337837b82112def8d3e2f42f26e', 8, 'What is Default Form Border Style ?', 'Fixed Single', 'None', 'Sizeable', 'Fixed Diaglog', 3, 3),
('2b8e3337837b82112def8d3e2f42f26e', 8, 'Which is not type of Control ?', 'text', 'lable', 'checkbox', 'option button', 1, 3),
('idjir9pcq2d07764us8rdiq9n5', 11, 'how to use date( ) in mysql ?', 'now( )', 'today( )', 'date( )', 'time( )', 0, 1),
('idjir9pcq2d07764us8rdiq9n5', 11, 'how to use date( ) in mysql ?', 'now( )', 'today( )', 'date( )', 'time( )', 0, 1),
('idjir9pcq2d07764us8rdiq9n5', 11, 'how to use date( ) in mysql ?', 'now( )', 'today( )', 'date( )', 'time( )', 0, 2),
('idjir9pcq2d07764us8rdiq9n5', 11, 'how to use date( ) in mysql ?', 'now( )', 'today( )', 'date( )', 'time( )', 0, 3),
('idjir9pcq2d07764us8rdiq9n5', 11, 'how to use date( ) in mysql ?', 'now( )', 'today( )', 'date( )', 'time( )', 0, 4),
('idjir9pcq2d07764us8rdiq9n5', 11, 'how to use date( ) in mysql ?', 'now( )', 'today( )', 'date( )', 'time( )', 0, 4),
('idjir9pcq2d07764us8rdiq9n5', 11, 'how to use date( ) in mysql ?', 'now( )', 'today( )', 'date( )', 'time( )', 0, 3),
('idjir9pcq2d07764us8rdiq9n5', 11, 'how to use date( ) in mysql ?', 'now( )', 'today( )', 'date( )', 'time( )', 0, 2),
('idjir9pcq2d07764us8rdiq9n5', 11, 'how to use date( ) in mysql ?', 'now( )', 'today( )', 'date( )', 'time( )', 0, 2),
('idjir9pcq2d07764us8rdiq9n5', 11, 'how to use date( ) in mysql ?', 'now( )', 'today( )', 'date( )', 'time( )', 0, 1),
('idjir9pcq2d07764us8rdiq9n5', 11, 'how to use date( ) in mysql ?', 'now( )', 'today( )', 'date( )', 'time( )', 0, 1);

/*!40101 SET CHARACTER_SET_CLIENT=@OLD_CHARACTER_SET_CLIENT */;
/*!40101 SET CHARACTER_SET_RESULTS=@OLD_CHARACTER_SET_RESULTS */;
/*!40101 SET COLLATION_CONNECTION=@OLD_COLLATION_CONNECTION */;
